Check ID	Check Name	Check Type	Severity	Scope	Use Case	Linked DR IDs	DR Mapping Types	Validated Fields	PINT Reference Terms	Description	Conditional Logic / Applies When	Pass Condition	Fail Condition	MoF Rule Reference	Owner Team	Suggested Fix	Evidence Required
UAE-UC1-CHK-001	Invoice Number Present	Presence	Critical	Header	UC1 Standard Tax Invoice	IBT-001	IBT-001:exact	IBT-001=>invoice_number	IBT-001	Validates that invoice number (IBT-001) is present	UC1 Standard Tax Invoice	Invoice number field is not empty	Invoice number field is empty or missing	BR-01	Client Finance	Ensure every invoice has a unique invoice number assigned before submission	Invoice document or source system export showing invoice number
UAE-UC1-CHK-002	Invoice Issue Date Present	Presence	Critical	Header	UC1 Standard Tax Invoice	IBT-002	IBT-002:exact	IBT-002=>issue_date	IBT-002	Validates that invoice issue date (IBT-002) is present	UC1 Standard Tax Invoice	Issue date field is not empty	Issue date field is empty or missing	BR-02	Client Finance	Populate the issue date field with the actual invoice date in YYYY-MM-DD format	Source document showing invoice date
UAE-UC1-CHK-003	Invoice Issue Date Format	Format	High	Header	UC1 Standard Tax Invoice	IBT-002	IBT-002:exact	IBT-002=>issue_date	IBT-002	Validates issue date is in YYYY-MM-DD format (IBT-002)	UC1 Standard Tax Invoice	Issue date matches YYYY-MM-DD pattern	Issue date does not match required format	BR-02-FORMAT	Client IT	Convert date to ISO 8601 format (YYYY-MM-DD) before submission	System configuration showing date format settings
UAE-UC1-CHK-004	Invoice Type Code Present	Presence	Critical	Header	UC1 Standard Tax Invoice	IBT-003	IBT-003:exact	IBT-003=>invoice_type	IBT-003; BTUAE-02	Validates invoice type code (IBT-003) is present	UC1 Standard Tax Invoice	Invoice type code field is not empty	Invoice type code is missing	BR-03	Client Finance	Specify the invoice type (e.g., 380 for standard invoice, 381 for credit note)	Invoice classification documentation
UAE-UC1-CHK-005	Invoice Currency Present	Presence	Critical	Header	UC1 Standard Tax Invoice	IBT-005	IBT-005:exact	IBT-005=>currency	IBT-005	Validates document currency code (IBT-005) is present	UC1 Standard Tax Invoice	Currency code field is not empty	Currency code is missing	BR-04	Client Finance	Specify the transaction currency using ISO 4217 alpha-3 code	Invoice document showing currency
UAE-UC1-CHK-006	Invoice Currency ISO Format	CodeList	High	Header	UC1 Standard Tax Invoice	IBT-005	IBT-005:exact	IBT-005=>currency	IBT-005	Validates currency is ISO 4217 alpha-3 format (IBT-005)	UC1 Standard Tax Invoice	Currency exists in official ISO4217 codelist	Currency value is not in official ISO4217 codelist	BR-04-CL	Client IT	Use standard ISO 4217 codes (e.g., AED, USD, EUR)	Currency master data configuration
UAE-UC1-CHK-007	Tax Accounting Currency AED Rule	CodeList	Critical	Header	UC1 Standard Tax Invoice				IBT-006; BTUAE-001	Validates tax accounting basis currency is AED (BTUAE-001)	UC1 Standard Tax Invoice	Tax amounts are calculated/reported in AED	Non-AED tax accounting without proper FX conversion	BTUAE-001	Client Finance	Ensure tax calculations use AED as the tax accounting currency per UAE VAT law	Tax calculation documentation showing AED basis
UAE-UC1-CHK-008	FX Rate Required When Non-AED	Dependency	High	Header	UC1 Standard Tax Invoice	IBT-005	IBT-005:partial	IBT-005=>currency	IBT-005; IBT-007; BTUAE-002	Validates FX rate is provided when invoice currency is not AED	UC1 Standard Tax Invoice	FX rate is present when currency != AED, or currency is AED	Non-AED currency without FX rate	BTUAE-002	Client Finance	Provide the exchange rate to AED when invoicing in foreign currency	FX rate source and calculation documentation
UAE-UC1-CHK-009	Payment Due Date Required if Amount Due > 0	Dependency	Medium	Header	UC1 Standard Tax Invoice	IBT-009	IBT-009:exact	IBT-009=>payment_due_date	IBT-009; IBT-081	Validates payment due date is present when amount is due	UC1 Standard Tax Invoice	Due date present when amount due > 0, or no amount due	Amount due exists without payment due date	BR-CO-25	Client Finance	Add payment due date when there is an outstanding amount	Payment terms documentation
UAE-UC1-CHK-010	Specification Identifier Correct Prefix	Format	High	Header	UC1 Standard Tax Invoice	IBT-024	IBT-024:exact	IBT-024=>spec_id	IBT-024	Validates specification identifier (IBT-024) is present and starts with allowed UAE PINT-AE prefixes	UC1 Standard Tax Invoice	Specification identifier is present and starts with an allowed UAE PINT-AE prefix	Specification identifier is missing or does not start with an allowed UAE PINT-AE prefix	BR-01-PINT	Client IT	Set specification identifier to a valid UAE PINT-AE prefix (billing or selfbilling)	System integration configuration
UAE-UC1-CHK-011	Business Process Type Correct	CodeList	High	Header	UC1 Standard Tax Invoice	IBT-023	IBT-023:exact	IBT-023=>business_process	IBT-023	Validates business process type (IBT-023) is present and exactly matches allowed PINT-AE values	UC1 Standard Tax Invoice	Business process type is present and equals an allowed PINT-AE value	Business process type is missing or not in allowed PINT-AE values	BR-02-PINT	Client IT	Set business process type to urn:peppol:bis:billing or urn:peppol:bis:selfbilling	Integration specification document
UAE-UC1-CHK-012	Seller Name Present	Presence	Critical	Party	UC1 Standard Tax Invoice	IBT-027	IBT-027:exact	IBT-027=>seller_name	IBT-027	Validates seller trading name (IBT-027) is present	UC1 Standard Tax Invoice	Seller name field is not empty	Seller name is missing	BR-05	Client Finance	Populate seller name from company master data	Trade license or company registration
UAE-UC1-CHK-013	Seller TRN Pattern Valid	Format	Critical	Party	UC1 Standard Tax Invoice	IBT-031	IBT-031:exact	IBT-031=>seller_trn	IBT-031; IBT-031-1	Validates Seller TRN matches UAE 15-digit format (IBT-031)	UC1 Standard Tax Invoice	Seller TRN is exactly 15 digits	Seller TRN format is invalid	BTUAE-003	Client Finance	Correct the TRN to 15 digits as registered with FTA	FTA TRN certificate
UAE-UC1-CHK-014	Seller Electronic Address Present	Presence	High	Party	UC1 Standard Tax Invoice	IBT-034; IBT-034-1	IBT-034:exact; IBT-034-1:reference_only	IBT-034=>seller_electronic_address; IBT-034-1=>seller_electronic_address	IBT-034; IBT-034-1	Validates seller electronic address endpoint (IBT-034)	UC1 Standard Tax Invoice	Seller endpoint ID is present	Seller electronic address is missing	BR-62	Client IT	Configure seller PEPPOL participant ID or email endpoint	PEPPOL registration or endpoint configuration
UAE-UC1-CHK-014A	Seller Legal Registration Identifier Present	Presence	High	Party	UC1 Standard Tax Invoice	IBT-030	IBT-030:exact	IBT-030=>seller_legal_reg_id	IBT-030	Validates seller legal registration identifier (IBT-030) is present	UC1 Standard Tax Invoice	Seller legal registration identifier is present	Seller legal registration identifier is missing	IBR-150-AE	Client Finance	Populate seller legal registration identifier from company registration records	Trade license or legal registration records
UAE-UC1-CHK-014B	Seller Legal Registration Identifier Type Present	Presence	High	Party	UC1 Standard Tax Invoice	BTUAE-15	BTUAE-15:exact	BTUAE-15=>seller_legal_reg_id_type	BTUAE-15	Validates seller legal registration identifier type (BTUAE-15) is present when seller legal registration identifier exists	UC1 Standard Tax Invoice	Seller legal registration identifier type is present when seller legal registration identifier exists	Seller legal registration identifier type is missing when seller legal registration identifier exists	IBR-181-AE	Client Finance	Populate seller legal registration identifier type from company registration records	Trade license or legal registration type records
UAE-UC1-CHK-015	Seller Address Mandatory Fields	Presence	High	Party	UC1 Standard Tax Invoice	IBT-035; IBT-037; IBT-040	IBT-035:exact; IBT-037:exact; IBT-040:exact	IBT-035=>seller_address; IBT-037=>seller_city; IBT-040=>seller_country	IBT-030; BTUAE-15; IBT-035; IBT-037; IBT-040	Validates seller address has required components (IBT-035 to IBT-040)	UC1 Standard Tax Invoice	Seller street, city, and country code are present	Seller address is incomplete	BR-08	Client Finance	Complete seller address with street, city, and country code (AE)	Company address documentation
UAE-UC1-CHK-016	UAE Subdivision Code Valid	CodeList	Medium	Party	UC1 Standard Tax Invoice	IBT-039	IBT-039:exact	IBT-039=>seller_subdivision	IBT-039; BTUAE-004	Validates UAE emirate/subdivision code (IBT-039)	UC1 Standard Tax Invoice	Subdivision code is valid UAE emirate code	Invalid UAE emirate/subdivision code	BTUAE-004	Client Finance	Use valid UAE emirate code (AE-AZ, AE-AJ, AE-FU, AE-SH, AE-DU, AE-RK, AE-UQ)	Address verification
UAE-UC1-CHK-017	Buyer Name Present	Presence	Critical	Party	UC1 Standard Tax Invoice	IBT-044	IBT-044:exact	IBT-044=>buyer_name	IBT-044	Validates buyer name (IBT-044) is present	UC1 Standard Tax Invoice	Buyer name field is not empty	Buyer name is missing	BR-07	Buyer-side	Obtain and populate buyer legal or trading name	Customer master data or purchase order
UAE-UC1-CHK-018	Buyer TRN Pattern Valid	Format	High	Party	UC1 Standard Tax Invoice	IBT-048	IBT-048:exact	IBT-048=>buyer_trn	IBT-048; IBT-048-1	Validates Buyer TRN matches UAE 15-digit format when present	UC1 Standard Tax Invoice	Buyer TRN is exactly 15 digits (when provided)	Buyer TRN format is invalid	BTUAE-005	Buyer-side	Verify buyer TRN with FTA portal or request valid TRN	Buyer TRN certificate
UAE-UC1-CHK-019	Buyer Electronic Address Present	Presence	High	Party	UC1 Standard Tax Invoice	IBT-049; IBT-049-1	IBT-049:exact; IBT-049-1:reference_only	IBT-049=>buyer_electronic_address; IBT-049-1=>buyer_electronic_address	IBT-049; IBT-049-1	Validates buyer electronic address endpoint (IBT-049)	UC1 Standard Tax Invoice	Buyer endpoint ID is present	Buyer electronic address is missing	BR-63	Client IT	Configure buyer PEPPOL participant ID or email endpoint	Buyer registration or contact details
UAE-UC1-CHK-020	Buyer Address Mandatory Fields	Presence	Medium	Party	UC1 Standard Tax Invoice	IBT-050; IBT-052; IBT-054; IBT-055	IBT-050:exact; IBT-052:exact; IBT-054:exact; IBT-055:exact	IBT-050=>buyer_address; IBT-052=>buyer_city; IBT-054=>buyer_subdivision; IBT-055=>buyer_country	IBT-050; IBT-052; IBT-054; IBT-055	Validates buyer address has required components	UC1 Standard Tax Invoice	Buyer street, city, country subdivision, and country code are present	Buyer address is incomplete	BR-11	Buyer-side	Complete buyer address fields	Customer address records
UAE-UC1-CHK-021	Sum of Line Net Amounts Matches Header	Math	Critical	Cross	UC1 Standard Tax Invoice	IBT-106; IBT-131	IBT-106:exact; IBT-131:partial	IBT-106=>total_excl_vat; IBT-131=>line_total_excl_vat	IBT-106; IBT-131	Validates sum of line net amounts equals header total (IBT-106)	UC1 Standard Tax Invoice	Sum of line net amounts = Invoice total net amount (within tolerance)	Line totals do not sum to header amount	BR-CO-10	Client Finance	Reconcile line item amounts with invoice total	Invoice calculation breakdown
UAE-UC1-CHK-022	Total Without Tax Max 2 Decimals	Format	Medium	Header	UC1 Standard Tax Invoice	IBT-109	IBT-109:exact	IBT-109=>total_excl_vat	IBT-109	Validates total without tax has max 2 decimal places (IBT-109)	UC1 Standard Tax Invoice	Amount has maximum 2 decimal places	Amount has more than 2 decimal places	BR-DEC-12	Client IT	Round total amounts to 2 decimal places	System rounding configuration
UAE-UC1-CHK-023	Total Tax Max 2 Decimals	Format	Medium	Header	UC1 Standard Tax Invoice	IBT-110	IBT-110:exact	IBT-110=>vat_total	IBT-110	Validates total tax amount has max 2 decimal places (IBT-110)	UC1 Standard Tax Invoice	Tax amount has maximum 2 decimal places	Tax amount has more than 2 decimal places	BR-DEC-13	Client IT	Round tax amounts to 2 decimal places	Tax calculation settings
UAE-UC1-CHK-024	Total With Tax Max 2 Decimals	Format	Medium	Header	UC1 Standard Tax Invoice	IBT-112	IBT-112:exact	IBT-112=>total_incl_vat	IBT-112	Validates total with tax has max 2 decimal places (IBT-112)	UC1 Standard Tax Invoice	Total amount has maximum 2 decimal places	Total amount has more than 2 decimal places	BR-DEC-14	Client IT	Round total amounts to 2 decimal places	Invoice amount rounding logic
UAE-UC1-CHK-025	Total With Tax = Without Tax + Tax	Math	Critical	Header	UC1 Standard Tax Invoice	IBT-109; IBT-110; IBT-112	IBT-109:exact; IBT-110:exact; IBT-112:exact	IBT-109=>total_excl_vat; IBT-110=>vat_total; IBT-112=>total_incl_vat	IBT-109; IBT-110; IBT-112	Validates total_incl_vat = total_excl_vat + vat_total (IBT-112)	UC1 Standard Tax Invoice	Total with tax equals sum of net and tax amounts	Total mismatch: Total != Net + Tax	BR-CO-15	Client Finance	Recalculate invoice totals ensuring Total = Net + VAT	Invoice calculation worksheet
UAE-UC1-CHK-026	Amount Due Precision	Format	Low	Header	UC1 Standard Tax Invoice	IBT-115	IBT-115:exact	IBT-115=>amount_due	IBT-115	Validates amount due has proper precision (IBT-115)	UC1 Standard Tax Invoice	Amount due has maximum 2 decimal places	Amount due precision exceeds 2 decimals	BR-DEC-18	Client IT	Round amount due to 2 decimal places	Payment amount calculation
UAE-UC1-CHK-027	Tax Breakdown Present	Presence	Critical	Header	UC1 Standard Tax Invoice	IBT-116; IBT-118	IBT-116:partial; IBT-118:partial	IBT-116=>total_excl_vat; IBT-118=>tax_category_code	IBG-23; IBT-116; IBT-118	Validates at least one VAT breakdown is present (IBG-23)	UC1 Standard Tax Invoice	At least one tax category breakdown exists	No tax breakdown information provided	BR-CO-18	Client Finance	Add VAT breakdown showing taxable amount and VAT rate per category	Tax breakdown schedule
UAE-UC1-CHK-028	Tax Category Tax Amount Formula	Math	High	Header	UC1 Standard Tax Invoice	IBT-117; IBT-119; IBT-151; IBT-152; BTUAE-08	IBT-117:partial; IBT-119:partial; IBT-151:partial; IBT-152:partial; BTUAE-08:exact	IBT-117=>vat_total,vat_amount; IBT-119=>tax_category_rate; IBT-151=>tax_category_code; IBT-152=>vat_rate; BTUAE-08=>vat_amount	IBT-116; IBT-117; IBT-119; IBT-151; IBT-152; BTUAE-08	Validates tax amount = taxable amount x rate (IBT-117)	UC1 Standard Tax Invoice	Tax amount = Taxable base x VAT rate (within rounding tolerance)	Tax calculation does not match formula	BR-CO-17	Client Finance	Verify VAT calculation: Tax = Base x Rate	VAT calculation breakdown
UAE-UC1-CHK-029	Tax Total = Sum of Tax Breakdown Amounts	Math	Critical	Cross	UC1 Standard Tax Invoice	IBT-110; IBT-117	IBT-110:exact; IBT-117:partial	IBT-110=>vat_total; IBT-117=>vat_total	IBT-110; IBT-117	Validates total tax equals sum of all tax category amounts	UC1 Standard Tax Invoice	Sum of tax breakdown amounts = Total tax amount	Tax breakdown sum does not equal total	BR-CO-14	Client Finance	Reconcile tax breakdown categories with total VAT	Tax category breakdown vs total reconciliation
UAE-UC1-CHK-030	Invoice Must Have >=1 Line	Presence	Critical	Cross	UC1 Standard Tax Invoice				IBG-25	Validates invoice has at least one line item (IBG-25)	UC1 Standard Tax Invoice	Invoice contains one or more line items	Invoice has no line items	BR-16	Client Finance	Add at least one invoice line with item details	Invoice with line item details
UAE-UC1-CHK-031	Line Identifier Present	Presence	High	Lines	UC1 Standard Tax Invoice	IBT-126	IBT-126:exact	IBT-126=>line_id,line_number	IBT-126	Validates each line has a unique identifier (IBT-126)	UC1 Standard Tax Invoice	Line identifier is present and unique	Line identifier is missing or duplicated	BR-21	Client IT	Assign unique sequential line numbers to each line item	Line item numbering logic
UAE-UC1-CHK-032	Invoiced Quantity Present	Presence	High	Lines	UC1 Standard Tax Invoice	IBT-129	IBT-129:exact	IBT-129=>quantity	IBT-129	Validates invoiced quantity is present (IBT-129)	UC1 Standard Tax Invoice	Quantity field is present and numeric	Quantity is missing or invalid	BR-22	Client Finance	Specify the quantity for each line item	Delivery note or quantity source
UAE-UC1-CHK-033	Unit of Measure Code Present	Presence	Medium	Lines	UC1 Standard Tax Invoice	IBT-130	IBT-130:exact	IBT-130=>unit_of_measure	IBT-130	Validates unit of measure is specified (IBT-130)	UC1 Standard Tax Invoice	Unit of measure code is present	Unit of measure is missing	BR-23	Client Finance	Add UN/ECE Recommendation 20 unit code (e.g., EA, KGM, MTR)	Unit of measure mapping
UAE-UC1-CHK-034	Line Net Amount Formula	Math	High	Lines	UC1 Standard Tax Invoice	IBT-129; IBT-131; IBT-146; IBT-148; IBT-149	IBT-129:partial; IBT-131:exact; IBT-146:partial; IBT-148:partial; IBT-149:partial	IBT-129=>quantity; IBT-131=>line_total_excl_vat; IBT-146=>unit_price; IBT-148=>unit_price; IBT-149=>price_base_quantity,line_base_quantity,item_price_base_quantity	IBT-129; IBT-131; IBT-146; IBT-148; IBT-149	Validates line net = (qty x price) - allowances + charges (IBT-131)	UC1 Standard Tax Invoice	Line net amount = (Quantity x Unit Price) - Discount	Line net calculation is incorrect	BR-CO-04	Client Finance	Verify line calculation: Net = (Qty x Price) - Discount	Line item calculation breakdown
UAE-UC1-CHK-035	Tax Line Amount Derivable in AED	Dependency	High	Lines	UC1 Standard Tax Invoice	IBT-131; IBT-005	IBT-131:partial; IBT-005:partial	IBT-131=>line_total_excl_vat; IBT-005=>currency	IBT-131; IBT-117; IBT-005; IBT-007; BTUAE-001	Validates invoice line amount can be derived in AED using currency/FX policy	UC1 Standard Tax Invoice	Line amount has AED basis directly or via positive FX conversion	Line amount in AED cannot be derived due to missing/invalid currency or FX	MOF-TAX-49	Client Finance	Provide valid FX rate for non-AED invoices and ensure line amounts are populated	Invoice currency policy, FX source, and line amount reconciliation
UAE-UC1-CHK-036	Commercial Buyer Legal Registration Identifier Present	Presence	High	Cross	UC1 Standard Tax Invoice	IBT-048	IBT-048:partial	IBT-048=>buyer_legal_reg_id,buyer_trn	IBT-048	Validates buyer legal registration identifier is present for commercial invoice profile	UC1 Standard Tax Invoice	Buyer legal registration identifier is present for applicable commercial invoices	Buyer legal registration identifier is missing for commercial invoices	MOF-COM-24	Client Finance	Populate buyer legal registration identifier or approved buyer identity source field	Buyer master data and commercial invoice profile policy
UAE-UC1-CHK-037	Commercial Buyer Legal Registration Identifier Type Policy	CodeList	Medium	Cross	UC1 Standard Tax Invoice				BTUAE-15	Validates buyer legal registration identifier type for commercial invoice profile	UC1 Standard Tax Invoice	Buyer legal registration identifier type is explicit or resolved via approved default	Buyer legal registration identifier type is missing/invalid for commercial invoices	MOF-COM-25	Client IT	Populate buyer legal identifier type or configure approved default type policy	Identifier-type policy and master-data mapping evidence
UAE-UC1-CHK-038	Item Name Presence	Presence	High	Lines	UC1 Standard Tax Invoice	IBT-154; IBT-153	IBT-154:exact; IBT-153:partial	IBT-154=>item_name; IBT-153=>description	IBT-154; IBT-153	Validates item name is present, with approved fallback to description	UC1 Standard Tax Invoice	Item name exists directly or can be resolved from description fallback	Item name and fallback description are both missing	MOF-TAX-50|MOF-COM-48	Client Finance	Populate item name; if unavailable, ensure description is populated as fallback	Line-level product master data extract
UAE-UC1-CHK-039	Item Description Presence	Presence	Medium	Lines	UC1 Standard Tax Invoice	IBT-153; IBT-154	IBT-153:exact; IBT-154:partial	IBT-153=>description; IBT-154=>item_name	IBT-153; IBT-154	Validates item description is present, with approved fallback to item name	UC1 Standard Tax Invoice	Item description exists directly or can be resolved from item name fallback	Item description and fallback item name are both missing	MOF-TAX-51|MOF-COM-49	Client Finance	Populate item description; if unavailable, ensure item name is available as fallback	Line-level item description mapping evidence
UAE-UC1-CHK-040	Item Price Base Quantity Policy	Dependency	Medium	Lines	UC1 Standard Tax Invoice	IBT-149; IBT-129; IBT-146	IBT-149:partial; IBT-129:partial; IBT-146:partial	IBT-149=>price_base_quantity,line_base_quantity,item_price_base_quantity; IBT-129=>quantity; IBT-146=>unit_price	IBT-149; IBT-129; IBT-146	Validates base-quantity policy for item price using explicit value or approved default	UC1 Standard Tax Invoice	Base quantity is positive when supplied, or valid default policy is applied	Base quantity policy is invalid or unsupported for line pricing	MOF-TAX-45|MOF-COM-45	Client IT	Provide explicit positive base quantity or configure approved default (typically 1)	Pricing policy and line calculation configuration evidence
UAE-UC1-CHK-041	Header Tax Category Code In Aligned Tax Category Codes	CodeList	High	Header	UC1 Standard Tax Invoice	IBT-118	IBT-118:exact	IBT-118=>tax_category_code	IBT-118	Validates header tax category code (IBT-118) against Aligned-TaxCategoryCodes codelist	UC1 Standard Tax Invoice	Header tax category code exists in Aligned-TaxCategoryCodes	Header tax category code is not in Aligned-TaxCategoryCodes	MOF-TAX-37|MOF-COM-37	Client IT	Use a valid aligned VAT category code for the invoice tax breakdown header	Tax category master-data mapping and invoice tax policy
UAE-UC1-CHK-042	Line Tax Category Code In Aligned Tax Category Codes	CodeList	High	Lines	UC1 Standard Tax Invoice	IBT-151	IBT-151:exact	IBT-151=>tax_category_code	IBT-151	Validates line tax category code (IBT-151) against Aligned-TaxCategoryCodes codelist	UC1 Standard Tax Invoice	Line tax category code exists in Aligned-TaxCategoryCodes	Line tax category code is not in Aligned-TaxCategoryCodes	MOF-TAX-46|MOF-COM-46	Client IT	Use a valid aligned VAT category code for each invoice line	Line tax category mapping against PINT-AE aligned tax category codes
UAE-UC1-CHK-043	Seller Country Code ISO3166	CodeList	High	Header	UC1 Standard Tax Invoice	IBT-040	IBT-040:exact	IBT-040=>seller_country	IBT-040	Validates seller country code (IBT-040) against ISO3166 codelist	UC1 Standard Tax Invoice	Seller country code exists in ISO3166	Seller country code is not in ISO3166	MOF-TAX-20|MOF-COM-20	Client IT	Use a valid ISO3166 alpha-2 seller country code	Seller master-data country code mapping
UAE-UC1-CHK-044	Buyer Country Code ISO3166	CodeList	High	Party	UC1 Standard Tax Invoice	IBT-055	IBT-055:exact	IBT-055=>buyer_country	IBT-055	Validates buyer country code (IBT-055) against ISO3166 codelist	UC1 Standard Tax Invoice	Buyer country code exists in ISO3166	Buyer country code is not in ISO3166	MOF-TAX-29|MOF-COM-29	Client IT	Use a valid ISO3166 alpha-2 buyer country code	Buyer master-data country code mapping
UAE-UC1-CHK-045	Invoice Type Code UNCL1001 Invoice Context	CodeList	High	Header	UC1 Standard Tax Invoice	IBT-003	IBT-003:exact	IBT-003=>invoice_type	IBT-003	Validates invoice type code (IBT-003) against UNCL1001-inv for invoice context documents	UC1 Standard Tax Invoice	Invoice type code exists in UNCL1001-inv when document context is invoice	Invoice type code is not in UNCL1001-inv for invoice context	MOF-TAX-03|MOF-COM-03	Client IT	Use a valid UNCL1001 invoice code for standard invoice context	Document type mapping table and invoice policy
UAE-UC1-CHK-046	Invoice Type Code UNCL1001 Credit Note Context	CodeList	High	Header	UC1 Standard Tax Invoice	IBT-003	IBT-003:exact	IBT-003=>invoice_type	IBT-003	Validates invoice type code (IBT-003) against UNCL1001-cn for credit note context documents	UC1 Standard Tax Invoice	Invoice type code exists in UNCL1001-cn when document context is credit note	Invoice type code is not in UNCL1001-cn for credit note context	MOF-TAX-03|MOF-COM-03	Client IT	Use a valid UNCL1001 credit-note code for credit note context	Credit-note scenario mapping and document type policy
UAE-UC1-CHK-047	Payment Means Code UNCL4461	CodeList	Medium	Header	UC1 Standard Tax Invoice	IBT-081	IBT-081:exact	IBT-081=>payment_means_code	IBT-081	Validates payment means code (IBT-081) against UNCL4461 codelist when provided	UC1 Standard Tax Invoice	Payment means code exists in UNCL4461 when value is supplied	Payment means code is not in UNCL4461	MOF-TAX-09|MOF-COM-09	Client IT	Use a valid UNCL4461 payment means code when payment means is supplied	Payment means configuration and code mapping
UAE-UC1-CHK-048	Unit Of Measure Code UNECE Rec20	CodeList	Medium	Lines	UC1 Standard Tax Invoice	IBT-130	IBT-130:exact	IBT-130=>unit_of_measure	IBT-130	Validates unit of measure code (IBT-130) against UNECERec20 codelist	UC1 Standard Tax Invoice	Unit of measure code exists in UNECERec20	Unit of measure code is not in UNECERec20	MOF-TAX-41|MOF-COM-41	Client IT	Use a valid UNECE Rec20 unit code for each invoiced line	Unit-of-measure master data and mapping configuration
UAE-UC1-CHK-049	Exempt VAT Reason Code Required	Dependency	High	Lines	UC1 Standard Tax Invoice	IBT-151	IBT-151:partial	IBT-151=>tax_category_code	IBT-151; IBT-186	Validates exempt VAT lines provide an exemption reason code or explanatory reason text	UC1 Standard Tax Invoice	Exempt VAT lines include exemption reason code or reason text	Exempt VAT line is missing exemption reason code and explanatory text	IBR-167-AE	Client Finance	Populate the exemption reason code and, where used operationally, the supporting reason text for exempt VAT lines	Tax treatment mapping and exemption documentation
UAE-UC1-CHK-050	Exempt VAT Reason Code In AE Exemption Codes	CodeList	High	Lines	UC1 Standard Tax Invoice	IBT-151	IBT-151:partial	IBT-151=>tax_category_code	IBT-151; IBT-186	Validates exempt VAT reason code against Aligned-TaxExemptionCodes when exempt VAT applies	UC1 Standard Tax Invoice	Exempt VAT reason code exists in Aligned-TaxExemptionCodes	Exempt VAT reason code is not in Aligned-TaxExemptionCodes	IBR-167-AE-CL	Client IT	Use an approved UAE exemption reason code for exempt VAT lines	Tax exemption reason master data
UAE-UC1-CHK-051	Reverse Charge Goods Type Required	Dependency	High	Lines	UC1 Standard Tax Invoice	IBT-151	IBT-151:partial	IBT-151=>tax_category_code	IBT-151; BTAE-09	Validates reverse-charge VAT lines provide the required goods/services type	UC1 Standard Tax Invoice	Reverse-charge VAT lines include a goods/services type value	Reverse-charge VAT line is missing goods/services type	IBR-166-AE	Client Finance	Populate the reverse-charge goods/services type for affected invoice lines	Reverse-charge scenario documentation and goods/services classification
UAE-UC1-CHK-052	Reverse Charge Goods Type In GoodsType Codelist	CodeList	High	Lines	UC1 Standard Tax Invoice	IBT-151	IBT-151:partial	IBT-151=>tax_category_code	IBT-151; BTAE-09	Validates reverse-charge goods/services type against GoodsType when reverse-charge applies	UC1 Standard Tax Invoice	Reverse-charge goods/services type exists in the GoodsType codelist	Reverse-charge goods/services type is not in the GoodsType codelist	IBR-166-AE-CL	Client IT	Use a valid UAE reverse-charge goods/services type code	Reverse-charge goods/services classification table
UAE-UC1-CHK-053	Line VAT Category Rate Semantic Consistency	Math	High	Lines	UC1 Standard Tax Invoice	IBT-151; IBT-152; BTUAE-08	IBT-151:partial; IBT-152:partial; BTUAE-08:exact	IBT-151=>tax_category_code; IBT-152=>vat_rate; BTUAE-08=>vat_amount	IBT-151; IBT-152; BTUAE-08	Validates line-level VAT category, VAT rate, and VAT amount combinations are semantically consistent	UC1 Standard Tax Invoice	Line VAT category, rate, and amount follow UAE VAT semantic expectations	Line VAT category conflicts with VAT rate or VAT amount semantics	IBR-111-AE|IBR-162-AE|IBR-163-AE|IBR-165-AE	Client Finance	Align VAT category, VAT rate, and VAT amount to the UAE tax treatment for the line	Line-level tax treatment and VAT calculation policy
UAE-UC1-CHK-054	Header VAT Breakdown Semantic Consistency	Math	High	Cross	UC1 Standard Tax Invoice	IBT-118; IBT-119; IBT-117	IBT-118:partial; IBT-119:partial; IBT-117:partial	IBT-118=>tax_category_code; IBT-119=>tax_category_rate; IBT-117=>vat_total	IBT-118; IBT-119; IBT-117; IBT-151	Validates header VAT breakdown category/rate semantics stay aligned with line-level reverse-charge and zero/exempt behavior	UC1 Standard Tax Invoice	Header VAT breakdown category, rate, and tax amount are semantically aligned to the invoice VAT treatment	Header VAT breakdown conflicts with reverse-charge, exempt, or zero-rated line behavior	ALIGNED-IBRP-AE-01-AE|ALIGNED-IBRP-AE-09-AE	Client Finance	Align VAT breakdown header category, rate, and tax amount with the line-level UAE VAT treatment	VAT breakdown reconciliation and tax policy evidence
UAE-UC1-CHK-058	Credit Note Reason Code In CreditReason Codelist	CodeList	High	Header	UC1 Standard Tax Invoice	BTAE-03	BTAE-03:exact	BTAE-03=>credit_note_reason_code	IBT-003; BTAE-03	Validates credit note reason code (BTAE-03) against CreditReason when invoice type indicates a credit note	UC1 Standard Tax Invoice	Credit note reason code exists in CreditReason when document context is credit note	Credit note reason code is not in CreditReason for credit note context	IBR-158-AE-CL	Client IT	Use a valid UAE credit note reason code for records where invoice_type is a credit note	Credit note reason-code master data and original adjustment reason evidence
UAE-UC1-CHK-059	Transaction Type Code Present	Presence	Critical	Header	UC1 Standard Tax Invoice	BTUAE-02	BTUAE-02:exact	BTUAE-02=>transaction_type_code	BTUAE-02	Validates transaction type code (BTUAE-02) is present for UAE invoice scenario routing	UC1 Standard Tax Invoice	Transaction type code field is not empty	Transaction type code is missing	BTUAE-02	Client Finance	Populate transaction_type_code using the governed UAE 8-character transaction scenario format	ERP scenario-routing configuration and transaction-type master data
UAE-UC1-CHK-060	Transaction Type Code Valid Format	Format	High	Header	UC1 Standard Tax Invoice	BTUAE-02	BTUAE-02:exact	BTUAE-02=>transaction_type_code	BTUAE-02	Validates transaction type code (BTUAE-02) is a decodable 8-character UAE transaction scenario token	UC1 Standard Tax Invoice	Transaction type code is a valid binary or mask-style 8-character UAE scenario token	Transaction type code is not a valid binary or mask-style UAE scenario token	BTUAE-02-FORMAT	Client IT	Normalize transaction_type_code to an 8-character binary or mask token before validation	ERP transaction-type transformation rules and UAE scenario-routing documentation
